<?xml version="1.0" encoding="UTF-8"?>
<project-private xmlns="http://www.netbeans.org/ns/project-private/1">
    <editor-bookmarks xmlns="http://www.netbeans.org/ns/editor-bookmarks/2" lastBookmarkId="0"/>
    <open-files xmlns="http://www.netbeans.org/ns/projectui-open-files/2">
        <group>
            <file>file:/C:/Dustin/Kuliah/Semester%204/Distributed%20Programming/Project_uas/Ticketing-System-Java/Ticketing-System-Server/src/java/Model/NotaParkir.java</file>
            <file>file:/C:/Dustin/Kuliah/Semester%204/Distributed%20Programming/Project_uas/Ticketing-System-Java/Ticketing-System-Server/src/java/Model/User.java</file>
            <file>file:/C:/Dustin/Kuliah/Semester%204/Distributed%20Programming/Project_uas/Ticketing-System-Java/Ticketing-System-Server/src/java/Model/History_Transaksi.java</file>
            <file>file:/C:/Dustin/Kuliah/Semester%204/Distributed%20Programming/Project_uas/Ticketing-System-Java/Ticketing-System-Server/src/java/com/server/TicketingService.java</file>
            <file>file:/C:/Dustin/Kuliah/Semester%204/Distributed%20Programming/Project_uas/Ticketing-System-Java/Ticketing-System-Server/src/java/Model/NotaAcara.java</file>
        </group>
    </open-files>
</project-private>
