<?xml version="1.0" encoding="UTF-8"?>
<project-private xmlns="http://www.netbeans.org/ns/project-private/1">
    <editor-bookmarks xmlns="http://www.netbeans.org/ns/editor-bookmarks/2" lastBookmarkId="0"/>
    <open-files xmlns="http://www.netbeans.org/ns/projectui-open-files/2">
        <group>
            <file>file:/C:/Dustin/Kuliah/Semester%204/Distributed%20Programming/Project_uas/Ticketing-System-Java/Ticketing-System-Client/src/ticketing/system/client/DashBoard.java</file>
            <file>file:/C:/Dustin/Kuliah/Semester%204/Distributed%20Programming/Project_uas/Ticketing-System-Java/Ticketing-System-Client/src/ticketing/system/client/FormRegister.java</file>
            <file>file:/C:/Dustin/Kuliah/Semester%204/Distributed%20Programming/Project_uas/Ticketing-System-Java/Ticketing-System-Client/src/ticketing/system/client/FormParkir.java</file>
            <file>file:/C:/Dustin/Kuliah/Semester%204/Distributed%20Programming/Project_uas/Ticketing-System-Java/Ticketing-System-Client/src/ticketing/system/client/FormSaldo.java</file>
            <file>file:/C:/Dustin/Kuliah/Semester%204/Distributed%20Programming/Project_uas/Ticketing-System-Java/Ticketing-System-Client/src/ticketing/system/client/Topup.java</file>
        </group>
    </open-files>
</project-private>
